GROUP,PACKAGE,CLASS,INSTRUCTION_MISSED,INSTRUCTION_COVERED,BRANCH_MISSED,BRANCH_COVERED,LINE_MISSED,LINE_COVERED,COMPLEXITY_MISSED,COMPLEXITY_COVERED,METHOD_MISSED,METHOD_COVERED
unicast-notifier-service,com.acn.avs.unicast.repository.impl,StbManagerRepositoryImpl,0,218,5,7,0,24,5,9,0,8
unicast-notifier-service,com.acn.avs.unicast.util,UnicastBackgroundProcessExecutor.new Runnable() {...},10,6,0,0,5,1,1,1,1,1
unicast-notifier-service,com.acn.avs.unicast.util,UnicastRequestValidator,24,534,15,61,7,129,16,37,1,14
unicast-notifier-service,com.acn.avs.unicast.util,UnicastBackgroundProcessExecutor,54,416,15,25,13,87,15,21,1,15
unicast-notifier-service,com.acn.avs.unicast.exception,UnicastRequestValidationErrorReason,9,136,0,0,0,16,2,3,2,3
unicast-notifier-service,com.acn.avs.unicast.exception,UnicastServiceInitializeException,4,0,0,0,2,0,1,0,1,0
unicast-notifier-service,com.acn.avs.unicast.exception,UnicastRequestValidationException,3,25,1,1,1,7,1,3,0,3
unicast-notifier-service,com.acn.avs.unicast.message,UnicastJmsMessageListener,0,212,2,16,0,58,2,13,0,6
unicast-notifier-service,com.acn.avs.unicast.service.impl,TqsNotifierServiceImpl,0,172,4,8,0,42,4,7,0,5
unicast-notifier-service,com.acn.avs.unicast.service.impl,StbNotifierServiceImpl,35,322,10,16,10,66,9,24,0,20
unicast-notifier-service,com.acn.avs.unicast.web.rest.controller,UnicastRestController,0,17,0,0,0,5,0,2,0,2
unicast-notifier-service,com.acn.avs.unicast.web.rest.controller,UnicastExceptionCotroller,37,0,0,0,11,0,6,0,6,0
